Model,forecast_horizon,forecast_horizon_label,RMSE_raw,MAE_raw,R2_raw,Correlation_raw,Bias_raw,Mean_pred_raw,Mean_actual_raw,RMSE_log_incidence,MAE_log_incidence,R2_log_incidence,Correlation_log_incidence,Precision,Recall,Outbreak_F1_count_threshold,False_alarm_rate,Specificity,TP,TN,FP,FN,High_week_RMSE_raw,High_week_MAE_raw,High_week_Bias_raw,High_week_Underprediction_rate
City-week Pure LightGBM regressor,1,H+1,41.74361770061348,21.00042621739876,0.6831678261661116,0.8920975769909146,-12.26068931956852,40.97007991120071,53.23076923076923,0.1682760266403307,0.1116061554593654,0.7856523613602205,0.9083622097230145,0.95,0.95,0.9500000000000001,0.011904761904761904,0.9880952380952381,19,83,1,1,79.66720550850854,57.62084819594459,-46.85056985646213,0.7407407407407407
