Model,forecast_horizon,forecast_horizon_label,RMSE_raw,MAE_raw,R2_raw,Correlation_raw,Bias_raw,Mean_pred_raw,Mean_actual_raw,RMSE_log_incidence,MAE_log_incidence,R2_log_incidence,Correlation_log_incidence,Precision,Recall,Outbreak_F1_count_threshold,False_alarm_rate,Specificity,TP,TN,FP,FN,High_week_RMSE_raw,High_week_MAE_raw,High_week_Bias_raw,High_week_Underprediction_rate
City-week Pure LightGBM regressor,0,H+0,37.969304471576784,17.285678404914005,0.7378714097748802,0.9134382125558407,-9.276855167187504,43.95391406358173,53.23076923076923,0.14009173961186577,0.08549839445291406,0.8514408991172696,0.941870831080862,0.9523809523809523,1,0.975609756097561,0.011904761904761904,0.9880952380952381,20,83,1,0,73.3708884199072,50.628906434663755,-39.18024642289223,0.7407407407407407
