Model,forecast_horizon,forecast_horizon_label,RMSE_raw,MAE_raw,R2_raw,Correlation_raw,Bias_raw,Mean_pred_raw,Mean_actual_raw,RMSE_log_incidence,MAE_log_incidence,R2_log_incidence,Correlation_log_incidence,Precision,Recall,Outbreak_F1_count_threshold,False_alarm_rate,Specificity,TP,TN,FP,FN,High_week_RMSE_raw,High_week_MAE_raw,High_week_Bias_raw,High_week_Underprediction_rate
City-week Pure LightGBM regressor,10,H+10,74.44940571124711,47.72027216305398,-0.007793560629894003,0.12767772481584508,-8.462851995227041,44.76791723554219,53.23076923076923,0.3702415019314793,0.2820982233298506,-0.03763450201184604,0.11217188068954083,0,0,NA,0.023809523809523808,0.9761904761904762,0,82,2,20,135.52279497556054,109.52300047490232,-104.99374807784179,0.8888888888888888
