Model,forecast_horizon,forecast_horizon_label,RMSE_raw,MAE_raw,R2_raw,Correlation_raw,Bias_raw,Mean_pred_raw,Mean_actual_raw,RMSE_log_incidence,MAE_log_incidence,R2_log_incidence,Correlation_log_incidence,Precision,Recall,Outbreak_F1_count_threshold,False_alarm_rate,Specificity,TP,TN,FP,FN,High_week_RMSE_raw,High_week_MAE_raw,High_week_Bias_raw,High_week_Underprediction_rate
City-week Pure LightGBM regressor,5,H+5,57.89310808919773,29.2880949016353,0.3905994520513303,0.7898467450811125,-18.556913470113287,34.67385576065595,53.23076923076923,0.24798137188113303,0.15770781723205207,0.5345078919637524,0.8069836054135877,0.8571428571428571,0.6,0.7058823529411764,0.023809523809523808,0.9761904761904762,12,82,2,8,111.32164619059739,84.56443368130603,-79.01256156446371,0.8888888888888888
