Model,forecast_horizon,forecast_horizon_label,RMSE_raw,MAE_raw,R2_raw,Correlation_raw,Bias_raw,Mean_pred_raw,Mean_actual_raw,RMSE_log_incidence,MAE_log_incidence,R2_log_incidence,Correlation_log_incidence,Precision,Recall,Outbreak_F1_count_threshold,False_alarm_rate,Specificity,TP,TN,FP,FN,High_week_RMSE_raw,High_week_MAE_raw,High_week_Bias_raw,High_week_Underprediction_rate
City-week Pure LightGBM regressor,3,H+3,48.18404869464751,23.71169372238168,0.577860796417784,0.8435531526375446,-14.283832523056716,38.94693670771251,53.23076923076923,0.1965921554308441,0.12546580291059295,0.7074456403335525,0.8723250873799503,0.9444444444444444,0.85,0.8947368421052632,0.011904761904761904,0.9880952380952381,17,83,1,3,92.39715092153403,67.50592123619109,-56.8647057187724,0.7407407407407407
